Entity;Keyword;Synonym 1;Synonym 2;Synonym 3;Synonym 4;Synonym 5;Synonym 6;Synonym 7;Synonym 8;Synonym 9;Synonym 10
Subject;Language Arts;;;;;;;;;;
Subject;Mathematics;Math;Basic Math;Basic Mathematics;;;;;;;
Subject;Science;;;;;;;;;;
Subject;Health;;;;;;;;;;
Subject;Handwriting;;;;;;;;;;
Subject;Physical Education;PE;Sports;;;;;;;;
Subject;Art;Fine Arts;Art I;Art II;Art III;Art IV;;;;;
Subject;Music;;;;;;;;;;
Subject;Movement;Eurythmy;;;;;;;;;
Subject;Handwork;Handcrafts;;;;;;;;;
Subject;Life Lab or ;Gardening;;;;;;;;;
Subject;Dramatics;;;;;;;;;;
Subject;Dance;;;;;;;;;;
Subject;Spanish;;;;;;;;;;
Subject;Leadership;;;;;;;;;;
Subject;Speech;;;;;;;;;;
Subject;Occupational Therapy;;;;;;;;;;
Subject;Reading;;;;;;;;;;
Subject;English;English I;English II;English III;English IV;;;;;;
Subject;Pre-algebra;;;;;;;;;;
Subject;Algebra;;;;;;;;;;
Subject;Geometry;;;;;;;;;;
Subject;Life Science;;;;;;;;;;
Subject;Earth Science;;;;;;;;;;
Subject;Physical Science;;;;;;;;;;
Subject;Social Studies;;;;;;;;;;
Subject;Geography;Geo;;;;;;;;;
Subject;Ancient Civilizations;;;;;;;;;;
Subject;Medieval and Renaissance;;;;;;;;;;
Subject;U.S. History and Government;U.S. History;;;;;;;;;
Subject;French;;;;;;;;;;
Subject;Latin;;;;;;;;;;
Subject;Computer Science;;;;;;;;;;
Subject;Home Economics;;;;;;;;;;
Subject;Woodshop;;;;;;;;;;
Subject;Metal Shop;;;;;;;;;;
Subject;Business Technology;;;;;;;;;;
Subject;Sports;;;;;;;;;;
Subject;World Literature;;;;;;;;;;
Subject;Ancient Literature;;;;;;;;;;
Subject;Medieval Literature;;;;;;;;;;
Subject;Renaissance Literature;;;;;;;;;;
Subject;Modern Literature;;;;;;;;;;
Subject;British Literature;;;;;;;;;;
Subject;American Literature;;;;;;;;;;
Subject;Composition;;;;;;;;;;
Subject;Creative Writing;;;;;;;;;;
Subject;Poetry;;;;;;;;;;
Subject;Grammar;;;;;;;;;;
Subject;Art Appreciation;;;;;;;;;;
Subject;Art History;;;;;;;;;;
Subject;Drawing;;;;;;;;;;
Subject;Painting;;;;;;;;;;
Subject;Sculpture;;;;;;;;;;
Subject;Ceramics;;;;;;;;;;
Subject;Pottery;;;;;;;;;;
Subject;Music History;;;;;;;;;;
Subject;Music Theory;;;;;;;;;;
Subject;Music Fundamentals;;;;;;;;;;
Subject;General Science;;;;;;;;;;
Subject;Physics;;;;;;;;;;
Subject;Chemistry;;;;;;;;;;
Subject;Organic Chemistry;;;;;;;;;;
Subject;Biology;;;;;;;;;;
Subject;Zoology;;;;;;;;;;
Subject;Marine Biology;;;;;;;;;;
Subject;Botany;;;;;;;;;;
Subject;Geology;;;;;;;;;;
Subject;Oceanography;;;;;;;;;;
Subject;Meteorology;;;;;;;;;;
Subject;Astronomy;;;;;;;;;;
Subject;Animal Science;;;;;;;;;;
Subject;Equine Science;;;;;;;;;;
Subject;Veterinary Science;;;;;;;;;;
Subject;Forensic Science;;;;;;;;;;
Subject;Ecology;;;;;;;;;;
Subject;Environmental Science;;;;;;;;;;
Subject;Gardening;;;;;;;;;;
Subject;Food Science;;;;;;;;;;
Subject;Japanese;;;;;;;;;;
Subject;German;;;;;;;;;;
Subject;Greek;;;;;;;;;;
Subject;Hebrew;;;;;;;;;;
Subject;Chinese;;;;;;;;;;
Subject;Introduction to Algebra;;;;;;;;;;
Subject;Intermediate Algebra;;;;;;;;;;
Subject;Trigonometry;;;;;;;;;;
Subject;Precalculus;;;;;;;;;;
Subject;Calculus;;;;;;;;;;
Subject;Statistics;;;;;;;;;;
Subject;Business Math;;;;;;;;;;
Subject;Consumer Math;;;;;;;;;;
Subject;Accounting;;;;;;;;;;
Subject;Personal Finance and Investing;;;;;;;;;;
Subject;Ancient History;;;;;;;;;;
Subject;Medieval History;;;;;;;;;;
Subject;Greek and Roman History;;;;;;;;;;
Subject;Renaissance History with US History;;;;;;;;;;
Subject;Modern History with US History;;;;;;;;;;
Subject;World History;;;;;;;;;;
Subject;World Geography;;;;;;;;;;
Subject;World Current Events;Global Issues;;;;;;;;;
Subject;Government;;;;;;;;;;
Subject;Civics;;;;;;;;;;
Subject;Economics;;;;;;;;;;
Subject;Political Science;;;;;;;;;;
Subject;Social Sciences;;;;;;;;;;
Subject;Psychology;;;;;;;;;;
Subject;Sociology;;;;;;;;;;
Subject;Anthropology;;;;;;;;;;
Subject;Genealogy;;;;;;;;;;
Subject;Philosophy;;;;;;;;;;
Subject;Logic;Logic I;Logic II;;;;;;;;
Subject;Critical Thinking;;;;;;;;;;
Subject;Rhetoric;;;;;;;;;;
Subject;Basic First Aid and Safety;;;;;;;;;;
Subject;Nutrition;;;;;;;;;;
Subject;Gymnastics;;;;;;;;;;
